[
  {
    "name": "Karnataka",
    "districts": [
      {
        "name": "Bengaluru Urban",
        "subdivision": null
      },
      {
        "name": "Bengaluru Rural",
        "subdivision": null
      },

      {
        "name": "Bagalkot",
        "subdivision": null
      },
      {
        "name": "Ballari",
        "subdivision": null
      },
      {
        "name": "Belagavi (Belgaum)",
        "subdivision": null
      },
      {
        "name": "Bidar",
        "subdivision": null
      },
      {
        "name": "Chamarajanagar",
        "subdivision": null
      },
      {
        "name": "Chikkaballapura",
        "subdivision": null
      },
      {
        "name": "Chikkamagaluru (Chikmagalur)",
        "subdivision": null
      },
      {
        "name": "Chitradurga",
        "subdivision": null
      },
      {
        "name": "Dakshina Kannada",
        "subdivision": null
      },
      {
        "name": "Davangere",
        "subdivision": null
      },
      {
        "name": "Dharwad",
        "subdivision": null
      },
      {
        "name": "Gadag",
        "subdivision": null
      },
      {
        "name": "Hassan",
        "subdivision": null
      },
      {
        "name": "Haveri",
        "subdivision": null
      },
      {
        "name": "Hubli",
        "subdivision": null
      },
      {
        "name": "Kalaburagi (Gulbarga)",
        "subdivision": null
      },
      {
        "name": "Kodagu",
        "subdivision": null
      },
      {
        "name": "Kolar",
        "subdivision": null
      },
      {
        "name": "Koppal",
        "subdivision": null
      },
      {
        "name": "Mandya",
        "subdivision": null
      },
      {
        "name": "Mysuru (Mysore)",
        "subdivision": null
      },
      {
        "name": "Raichur",
        "subdivision": null
      },
      {
        "name": "Ramanagara",
        "subdivision": null
      },
      {
        "name": "Shivamogga (Shimoga)",
        "subdivision": null
      },
      {
        "name": "Tumakuru (Tumkur)",
        "subdivision": null
      },
      {
        "name": "Udupi",
        "subdivision": null
      },
      {
        "name": "Uttara Kannada (Karwar)",
        "subdivision": null
      },
      {
        "name": "Vijayapura (Bijapur)",
        "subdivision": null
      },
      {
        "name": "Yadgir",
        "subdivision": null
      }

    ]
  },
  {
    "name": "Kerala",
    "districts": [
      {
        "name": "Alappuzha",
        "subdivision": null
      },
      {
        "name": "Ernakulam",
        "subdivision": null
      },
      {
        "name": "Idukki",
        "subdivision": null
      },
      {
        "name": "Kannur",
        "subdivision": null
      },
      {
        "name": "Kasaragod",
        "subdivision": null
      },
      {
        "name": "Kollam",
        "subdivision": null
      },
      {
        "name": "Kottayam",
        "subdivision": null
      },
      {
        "name": "Kozhikode",
        "subdivision": null
      },
      {
        "name": "Malappuram",
        "subdivision": null
      },
      {
        "name": "Palakkad",
        "subdivision": null
      },
      {
        "name": "Pathanamthitta",
        "subdivision": null
      },
      {
        "name": "Thiruvananthapuram",
        "subdivision": null
      },
      {
        "name": "Thrissur",
        "subdivision": null
      },
      {
        "name": "Wayanad",
        "subdivision": null
      }

    ]
  },
  {
    "name": " Andhra Pradesh",
    "districts": [
      {
        "name": "Rangareddy",
        "subdivision": null
      },
      {
        "name": "East Godavari",
        "subdivision": null
      },
      {
        "name": "Guntur",
        "subdivision": null
      },
      {
        "name": "Krishna",
        "subdivision": null
      },
      {
        "name": "Visakhapatnam",
        "subdivision": null
      },
      {
        "name": "Chittoor",
        "subdivision": null
      },
      {
        "name": "Anantapur",
        "subdivision": null
      },
      {
        "name": "Kurnool",
        "subdivision": null
      },
      {
        "name": "Mahbubnagar",
        "subdivision": null
      },
      {
        "name": "Hyderabad",
        "subdivision": null
      },
      {
        "name": "West Godavari",
        "subdivision": null
      },
      {
        "name": "Karimnagar",
        "subdivision": null
      },
      {
        "name": "Warangal",
        "subdivision": null
      },
      {
        "name": "Nalgonda",
        "subdivision": null
      },
      {
        "name": "Prakasam",
        "subdivision": null
      },
      {
        "name": "Medak",
        "subdivision": null
      },
      {
        "name": "Sri Potti Sriramulu Nellore",
        "subdivision": null
      },
      {
        "name": "YSR",
        "subdivision": null
      },
      {
        "name": "Khammam",
        "subdivision": null
      },
      {
        "name": "Adilabad",
        "subdivision": null
      },
      {
        "name": "Srikakulam",
        "subdivision": null
      },
      {
        "name": "Nizamabad",
        "subdivision": null
      },
      {
        "name": "Vizianagaram",
        "subdivision": null
      }
    ]
  },
  {
    "name": "Arunachal Pradesh",
    "districts": [
      {
        "name": "Papumpare",
        "subdivision": null
      },
      {
        "name": "Changlang",
        "subdivision": null
      },
      {
        "name": "Lohit",
        "subdivision": null
      },
      {
        "name": "West Siang",
        "subdivision": null
      },
      {
        "name": "Tirap",
        "subdivision": null
      },
      {
        "name": "East Siang",
        "subdivision": null
      },
      {
        "name": "Kurung Kumey",
        "subdivision": null
      },
      {
        "name": "West Kameng",
        "subdivision": null
      },
      {
        "name": "Upper Subansiri",
        "subdivision": null
      },
      {
        "name": "Lower Subansiri",
        "subdivision": null
      },
      {
        "name": "East Kameng",
        "subdivision": null
      },
      {
        "name": "Lower Dibang Valley",
        "subdivision": null
      },
      {
        "name": "Tawang",
        "subdivision": null
      },
      {
        "name": "Upper Siang",
        "subdivision": null
      },
      {
        "name": "Anjaw",
        "subdivision": null
      },
      {
        "name": "Dibang Valley",
        "subdivision": null
      }
    ]
  },
  {
    "name": "Assam",
    "districts": [
      {
        "name": "Baksa",
        "subdivision": null
      },
      {
        "name": "Barpeta",
        "subdivision": null
      },
      {
        "name": "Biswanath",
        "subdivision": null
      },
      {
        "name": "Bongaigaon",
        "subdivision": null
      },
      {
        "name": "Cachar",
        "subdivision": null
      },
      {
        "name": "Charaideo",
        "subdivision": null
      },
      {
        "name": "Chirang",
        "subdivision": null
      },
      {
        "name": "Darrang",
        "subdivision": null
      },
      {
        "name": "Dhemaji",
        "subdivision": null
      },
      {
        "name": "Dhubri",
        "subdivision": null
      },
      {
        "name": "Dibrugarh",
        "subdivision": null
      },
      {
        "name": "Dima Hasao",
        "subdivision": null
      },
      {
        "name": "Goalpara",
        "subdivision": null
      },
      {
        "name": "Golaghat",
        "subdivision": null
      },
      {
        "name": "Hailakandi",
        "subdivision": null
      },
      {
        "name": "",
        "subdivision": null
      },
      {
        "name": "Hojai",
        "subdivision": null
      },
      {
        "name": "Jorhat",
        "subdivision": null
      },
      {
        "name": "Kamrup Metropolitan",
        "subdivision": null
      },
      {
        "name": "Kamrup",
        "subdivision": null
      },
      {
        "name": "Karbi Anglong",
        "subdivision": null
      },
      {
        "name": "Karimganj",
        "subdivision": null
      },
      {
        "name": "Kokrajhar",
        "subdivision": null
      },
      {
        "name": "Lakhimpur",
        "subdivision": null
      },
      {
        "name": "Majuli",
        "subdivision": null
      },
      {
        "name": "Morigaon",
        "subdivision": null
      },
      {
        "name": "Nagaon",
        "subdivision": null
      },
      {
        "name": "Nalbari",
        "subdivision": null
      },
      {
        "name": "Sivasagar",
        "subdivision": null
      },
      {
        "name": "Sonitpur",
        "subdivision": null
      },
      {
        "name": "South Salmara-Mankachar",
        "subdivision": null
      },
      {
        "name": "Tinsukia",
        "subdivision": null
      },
      {
        "name": "Udalguri",
        "subdivision": null
      },
      {
        "name": "West Karbi Anglong",
        "subdivision": null
      }
    ]
  },
  {
    "name": "Bihar",
    "districts": [
      {
        "name": "Patna",
        "subdivision": null
      },
      {
        "name": "Purbi Champaran",
        "subdivision": null
      },
      {
        "name": "Muzaffarpur",
        "subdivision": null
      },
      {
        "name": "Madhubani",
        "subdivision": null
      },
      {
        "name": "Gaya",
        "subdivision": null
      },
      {
        "name": "Samastipur",
        "subdivision": null
      },
      {
        "name": "Saran",
        "subdivision": null
      },
      {
        "name": "Darbhanga",
        "subdivision": null
      },
      {
        "name": "Pashchim Champaran",
        "subdivision": null
      },
      {
        "name": "Vaishali",
        "subdivision": null
      },
      {
        "name": "Sitamarhi",
        "subdivision": null
      },
      {
        "name": "Purnia",
        "subdivision": null
      },
      {
        "name": "Katihar",
        "subdivision": null
      },
      {
        "name": "Bhagalpur",
        "subdivision": null
      },
      {
        "name": "Begusarai",
        "subdivision": null
      },
      {
        "name": "Rohtas",
        "subdivision": null
      },
      {
        "name": "Nalanda",
        "subdivision": null
      },
      {
        "name": "Araria",
        "subdivision": null
      },
      {
        "name": "Bhojpur",
        "subdivision": null
      },
      {
        "name": "Gopalganj",
        "subdivision": null
      },
      {
        "name": "Aurangabad",
        "subdivision": null
      },
      {
        "name": "Supaul",
        "subdivision": null
      },
      {
        "name": "Nawada",
        "subdivision": null
      },
      {
        "name": "Banka",
        "subdivision": null
      },
      {
        "name": "Madhepura",
        "subdivision": null
      },
      {
        "name": "Saharsa",
        "subdivision": null
      },
      {
        "name": "Jamui",
        "subdivision": null
      },
      {
        "name": "Buxar",
        "subdivision": null
      },
      {
        "name": "Kishanganj",
        "subdivision": null
      },
      {
        "name": "Khagaria",
        "subdivision": null
      },
      {
        "name": "Kaimur",
        "subdivision": null
      },
      {
        "name": "Munger",
        "subdivision": null
      },
      {
        "name": "Jehanabad",
        "subdivision": null
      },
      {
        "name": "Lakhisarai",
        "subdivision": null
      },
      {
        "name": "Arwal",
        "subdivision": null
      },
      {
        "name": "Sheohar",
        "subdivision": null
      },
      {
        "name": "Sheikhpura",
        "subdivision": null
      }
    ]
  },
  {
    "name": "Chhattisgarh",
    "districts": [
      {
        "name": "Raipur",
        "subdivision": null
      },
      {
        "name": "Durg",
        "subdivision": null
      },
      {
        "name": "Bilaspur",
        "subdivision": null
      },
      {
        "name": "Surguja",
        "subdivision": null
      },
      {
        "name": "Janjgir Champa",
        "subdivision": null
      },
      {
        "name": "Rajnandgaon",
        "subdivision": null
      },
      {
        "name": "Raigarh",
        "subdivision": null
      },
      {
        "name": "Bastar",
        "subdivision": null
      },
      {
        "name": "Korba",
        "subdivision": null
      },
      {
        "name": "Mahasamund",
        "subdivision": null
      },
      {
        "name": "Jashpur",
        "subdivision": null
      },
      {
        "name": "Kabirdham",
        "subdivision": null
      },
      {
        "name": "Dhamtari",
        "subdivision": null
      },
      {
        "name": "Kanker",
        "subdivision": null
      },
      {
        "name": "Korea",
        "subdivision": null
      },
      {
        "name": "Dantewada",
        "subdivision": null
      },
      {
        "name": "Bijapur",
        "subdivision": null
      },
      {
        "name": "Narayanpur",
        "subdivision": null
      }
    ]
  },
  {
  "name": "Goa",
  "districts": [
    {
      "name": "North Goa",
      "subdivision": null
    },
    {
      "name": "South Goa",
      "subdivision": null
    }
  ]
},
  {
    "name": "Gujarat",
    "districts": [
      {
        "name": "Ahmadabad",
        "subdivision": null
      },
      {
        "name": "Surat",
        "subdivision": null
      },
      {
        "name": "Vadodara",
        "subdivision": null
      },
      {
        "name": "Rajkot",
        "subdivision": null
      },
      {
        "name": "Banaskantha",
        "subdivision": null
      },
      {
        "name": "Bhavnagar",
        "subdivision": null
      },
      {
        "name": "Junagadh",
        "subdivision": null
      },
      {
        "name": "Sabarkantha",
        "subdivision": null
      },
      {
        "name": "PanchMahal",
        "subdivision": null
      },
      {
        "name": "Kheda",
        "subdivision": null
      },
      {
        "name": "Jamnagar",
        "subdivision": null
      },
      {
        "name": "Dohad",
        "subdivision": null
      },
      {
        "name": "Anand",
        "subdivision": null
      },
      {
        "name": "Kachchh",
        "subdivision": null
      },
      {
        "name": "Mahesana",
        "subdivision": null
      },
      {
        "name": "Surendranagar",
        "subdivision": null
      },
      {
        "name": "Valsad",
        "subdivision": null
      },
      {
        "name": "Bharuch",
        "subdivision": null
      },
      {
        "name": "Amreli",
        "subdivision": null
      },
      {
        "name": "Gandhinagar",
        "subdivision": null
      },
      {
        "name": "Patan",
        "subdivision": null
      },
      {
        "name": "Navsari",
        "subdivision": null
      },
      {
        "name": "Tapi",
        "subdivision": null
      },
      {
        "name": "Narmada",
        "subdivision": null
      },
      {
        "name": "Porbandar",
        "subdivision": null
      },
      {
        "name": "The Dangs",
        "subdivision": null
      }
    ]
  },
  {
    "name": "Haryana",
    "districts": [
      {
        "name": "Ambala",
        "subdivision": null
      },
      {
        "name": "Bhiwani",
        "subdivision": null
      },
      {
        "name": "Charkhi Dadri",
        "subdivision": null
      },
      {
        "name": "Faridabad",
        "subdivision": null
      },
      {
        "name": "Fatehabad",
        "subdivision": null
      },
      {
        "name": "Gurugram",
        "subdivision": null
      },
      {
        "name": "Hisar",
        "subdivision": null
      },
      {
        "name": "Jhajjar",
        "subdivision": null
      },
      {
        "name": "Jind",
        "subdivision": null
      },
      {
        "name": "Kaithal",
        "subdivision": null
      },
      {
        "name": "Karnal",
        "subdivision": null
      },
      {
        "name": "Kurukshetra",
        "subdivision": null
      },
      {
        "name": "Mahendragarh",
        "subdivision": null
      },
      {
        "name": "Nuh",
        "subdivision": null
      },
      {
        "name": "Palwal",
        "subdivision": null
      },
      {
        "name": "Panchkula",
        "subdivision": null
      },
      {
        "name": "Panipat",
        "subdivision": null
      },
      {
        "name": "Rewari",
        "subdivision": null
      },
      {
        "name": "Rohtak",
        "subdivision": null
      },
      {
        "name": "Sirsa",
        "subdivision": null
      },
      {
        "name": "Sonipat",
        "subdivision": null
      },
      {
        "name": "Yamunanagar",
        "subdivision": null
      }
    ]
  },
  {
    "name": "Himachal Pradesh",
    "districts": [
      {
        "name": "Bilaspur",
        "subdivision": null
      },
      {
        "name": "Chamba",
        "subdivision": null
      },
      {
        "name": "Hamirpur",
        "subdivision": null
      },
      {
        "name": "Kangra",
        "subdivision": null
      },
      {
        "name": "Kinnaur",
        "subdivision": null
      },
      {
        "name": "Kullu",
        "subdivision": null
      },
      {
        "name": "Lahaul and Spiti",
        "subdivision": null
      },
      {
        "name": "Mandi",
        "subdivision": null
      },
      {
        "name": "Shimla",
        "subdivision": null
      },
      {
        "name": "Sirmaur",
        "subdivision": null
      },
      {
        "name": "Una",
        "subdivision": null
      }
    ]
  },
  {
    "name": "Jharkhand",
    "districts": [
      {
        "name": "Garhwa",
        "subdivision": null
      },

      {
        "name": "Palamu",
        "subdivision": null
      },
      {
        "name": "Latehar",
        "subdivision": null
      },
      {
        "name": "Chatra",
        "subdivision": null
      },
      {
        "name": "Hazaribagh",
        "subdivision": null
      },
      {
        "name": "Koderma",
        "subdivision": null
      },
      {
        "name": "Giridih",
        "subdivision": null
      },
      {
        "name": "Ramgarh",
        "subdivision": null
      },
      {
        "name": "Bokaro",
        "subdivision": null
      },
      {
        "name": "Dhanbad",
        "subdivision": null
      },
      {
        "name": "Gumla",
        "subdivision": null
      },
      {
        "name": "Lohardaga",
        "subdivision": null
      },
      {
        "name": "Simdega",
        "subdivision": null
      },
      {
        "name": "Ranchi",
        "subdivision": null
      },
      {
        "name": "Khunti",
        "subdivision": null
      },
      {
        "name": "West Singhbhum",
        "subdivision": null
      },
      {
        "name": "Saraikela Kharsawan",
        "subdivision": null
      },
      {
        "name": "East Singhbhum",
        "subdivision": null
      },
      {
        "name": "Jamtara",
        "subdivision": null
      },
      {
        "name": "Deoghar",
        "subdivision": null
      },
      {
        "name": "Dumka",
        "subdivision": null
      }, {
        "name": "Pakur",
        "subdivision": null
      },
      {
        "name": "Godda",
        "subdivision": null
      },
      {
        "name": "Sahebganj",
        "subdivision": null
      }

    ]
  },
  {
    "name": "Madhya Pradesh",
    "districts": [
      {
        "name": "Alirajpur",
        "subdivision": null
      },
      {
        "name": "Anuppur",
        "subdivision": null
      },
      {
        "name": "Ashoknagar",
        "subdivision": null
      },
      {
        "name": "Balaghat",
        "subdivision": null
      },
      {
        "name": "Barwani",
        "subdivision": null
      },
      {
        "name": "Betul",
        "subdivision": null
      },
      {
        "name": "Bhind",
        "subdivision": null
      },
      {
        "name": "Bhopal",
        "subdivision": null
      },
      {
        "name": "Burhanpur",
        "subdivision": null
      },
      {
        "name": "Chhatarpur",
        "subdivision": null
      },
      {
        "name": "Chhindwara",
        "subdivision": null
      },
      {
        "name": "Damoh",
        "subdivision": null
      },
      {
        "name": "Datia",
        "subdivision": null
      },
      {
        "name": "Dewas",
        "subdivision": null
      },
      {
        "name": "Dhar",
        "subdivision": null
      },
      {
        "name": "Dindori",
        "subdivision": null
      },
      {
        "name": "Guna",
        "subdivision": null
      },
      {
        "name": "Gwalior",
        "subdivision": null
      },
      {
        "name": "Harda",
        "subdivision": null
      },
      {
        "name": "Hoshangabad",
        "subdivision": null
      },
      {
        "name": "Indore",
        "subdivision": null
      },
      {
        "name": "Jabalpur",
        "subdivision": null
      },
      {
        "name": "Jhabua",
        "subdivision": null
      },
      {
        "name": "Katni",
        "subdivision": null
      },
      {
        "name": "Khandwa",
        "subdivision": null
      },
      {
        "name": "Khargone",
        "subdivision": null
      },
      {
        "name": "Mandla",
        "subdivision": null
      },
      {
        "name": "Mandsaur",
        "subdivision": null
      },
      {
        "name": "Morena",
        "subdivision": null
      },
      {
        "name": "Narsimhapur",
        "subdivision": null
      },
      {
        "name": "Neemuch",
        "subdivision": null
      },
      {
        "name": "Panna",
        "subdivision": null
      },
      {
        "name": "Raisen",
        "subdivision": null
      },
      {
        "name": "Rajgarh",
        "subdivision": null
      },
      {
        "name": "Ratlam",
        "subdivision": null
      },
      {
        "name": "Rewa",
        "subdivision": null
      },
      {
        "name": "Sagar",
        "subdivision": null
      },
      {
        "name": "Satna",
        "subdivision": null
      },
      {
        "name": "Sehore",
        "subdivision": null
      },
      {
        "name": "Seoni",
        "subdivision": null
      },
      {
        "name": "Shahdol",
        "subdivision": null
      },
      {
        "name": "Shajapur",
        "subdivision": null
      },
      {
        "name": "Sheopur",
        "subdivision": null
      },
      {
        "name": "Shivpuri",
        "subdivision": null
      },
      {
        "name": "Sidhi",
        "subdivision": null
      },
      {
        "name": "Singrauli",
        "subdivision": null
      },
      {
        "name": "Tikamgarh",
        "subdivision": null
      },
      {
        "name": "Ujjain",
        "subdivision": null
      },
      {
        "name": "Umaria",
        "subdivision": null
      },
      {
        "name": "Vidisha",
        "subdivision": null
      }
    ]
  },
  {
    "name": "Maharashtra",
    "districts": [
      {
        "name": "Ahmednagar",
        "subdivision": null
      },
      {
        "name": "Akola",
        "subdivision": null
      },
      {
        "name": " Amravati",
        "subdivision": null
      },
      {
        "name": " Aurangabad",
        "subdivision": null
      },
      {
        "name": " Beed",
        "subdivision": null
      },
      {
        "name": "Bhandara ",
        "subdivision": null
      },
      {
        "name": " Buldhana",
        "subdivision": null
      },
      {
        "name": "Chandrapur",
        "subdivision": null
      },
      {
        "name": " Dhule",
        "subdivision": null
      },
      {
        "name": " Gadchiroli",
        "subdivision": null
      },
      {
        "name": " Gondia ",
        "subdivision": null
      },
      {
        "name": "Hingoli",
        "subdivision": null
      },
      {
        "name": "Jalgaon ",
        "subdivision": null
      },
      {
        "name": " Jalna",
        "subdivision": null
      },
      {
        "name": "Kolhapur",
        "subdivision": null
      },
      {
        "name": "Latur",
        "subdivision": null
      },
      {
        "name": " Mumbai City",
        "subdivision": null
      },
      {
        "name": "Mumbai Suburban",
        "subdivision": null
      },
      {
        "name": "Nagpur",
        "subdivision": null
      },
      {
        "name": "Nanded",
        "subdivision": null
      },
      {
        "name": "Nandurbar ",
        "subdivision": null
      },
      {
        "name": "Nashik",
        "subdivision": null
      },
      {
        "name": "Osmanabad ",
        "subdivision": null
      },
      {
        "name": "Palghar",
        "subdivision": null
      },
      {
        "name": "Parbhani",
        "subdivision": null
      },
      {
        "name": "Pune",
        "subdivision": null
      },
      {
        "name": "Raigad",
        "subdivision": null
      },
      {
        "name": "Ratnagiri",
        "subdivision": null
      },
      {
        "name": "Sangli",
        "subdivision": null
      },
      {
        "name": "Satara ",
        "subdivision": null
      },
      {
        "name": "Sindhudurg",
        "subdivision": null
      },
      {
        "name": "Solapur",
        "subdivision": null
      },
      {
        "name": "Thane",
        "subdivision": null
      },
      {
        "name": "Wardha ",
        "subdivision": null
      },
      {
        "name": " Washim",
        "subdivision": null
      },
      {
        "name": " Yavatmal",
        "subdivision": null
      }
    ]
  },

  {
    "name": "Manipur",
    "districts": [
      {
        "name": "Bishnupur",
        "subdivision": null
      },
      {
        "name": "Chandel",
        "subdivision": null
      },
      {
        "name": "Churachandpur",
        "subdivision": null
      },
      {
        "name": "Imphal-East",
        "subdivision": null
      },
      {
        "name": "Imphal-West",
        "subdivision": null
      },
      {
        "name": "Senapati",
        "subdivision": null
      },
      {
        "name": "Tamenglong",
        "subdivision": null
      },
      {
        "name": "Thoubal",
        "subdivision": null
      },
      {
        "name": "Ukhrul",
        "subdivision": null
      },
      {
        "name": "Kangpokpi",
        "subdivision": null
      },
      {
        "name": "Tengnoupal",
        "subdivision": null
      },
      {
        "name": "Pherzawl",
        "subdivision": null
      },
      {
        "name": "Noney",
        "subdivision": null
      },
      {
        "name": "Kamjong",
        "subdivision": null
      },
      {
        "name": "Jiribam",
        "subdivision": null
      },
      {
        "name": "Kakching",
        "subdivision": null
      }
    ]
  },
  {
    "name": "Meghalaya",
    "districts": [
      {
        "name": "East Khasi Hills",
        "subdivision": null
      },
      {
        "name": "West Garo Hills",
        "subdivision": null
      },
      {
        "name": "West Jaintia Hills",
        "subdivision": null
      },
      {
        "name": "West Khasi Hills",
        "subdivision": null
      },
      {
        "name": "East Garo Hills",
        "subdivision": null
      },
      {
        "name": "Ri Bhoi",
        "subdivision": null
      },
      {
        "name": "South Garo Hills",
        "subdivision": null
      },
      {
        "name": "South West Garo Hills",
        "subdivision": null
      },
      {
        "name": "South West Khasi Hills",
        "subdivision": null
      },
      {
        "name": "East Jaintia Hills",
        "subdivision": null
      },
      {
        "name": "North Garo Hills",
        "subdivision": null
      }
    ]
  },
  {
    "name": "Mizoram",
    "districts": [
      {
        "name": "East Khasi Hills",
        "subdivision": null
      },
      {
        "name": "West Garo Hills",
        "subdivision": null
      },
      {
        "name": "West Jaintia Hills",
        "subdivision": null
      },
      {
        "name": "West Khasi Hills",
        "subdivision": null
      },
      {
        "name": "East Garo Hills",
        "subdivision": null
      },
      {
        "name": "Ri Bhoi",
        "subdivision": null
      },
      {
        "name": "South Garo Hills",
        "subdivision": null
      },
      {
        "name": "South West Garo Hills",
        "subdivision": null
      },
      {
        "name": "South West Khasi Hills",
        "subdivision": null
      },
      {
        "name": "East Jaintia Hills",
        "subdivision": null
      },
      {
        "name": "North Garo Hills",
        "subdivision": null
      }
    ]
  },
  {
    "name": "Nagaland",
    "districts": [
      {
        "name": "Dimapur",
        "subdivision": null
      },
      {
        "name": "Kiphire",
        "subdivision": null
      },
      {
        "name": "Kohima",
        "subdivision": null
      },
      {
        "name": "Longleng",
        "subdivision": null
      },
      {
        "name": "Mokokchung",
        "subdivision": null
      },
      {
        "name": "Mon",
        "subdivision": null
      },
      {
        "name": "Peren",
        "subdivision": null
      },
      {
        "name": "Phek",
        "subdivision": null
      }
    ]
  },
  {
    "name": "Odisha",
    "districts": [
      {
        "name": "Angul",
        "subdivision": null
      },
      {
        "name": "Boudh",
        "subdivision": null
      },
      {
        "name": "Balangir",
        "subdivision": null
      },
      {
        "name": "Bargarh",
        "subdivision": null
      },
      {
        "name": "Balasore or Baleswar",
        "subdivision": null
      },
      {
        "name": "Bhadrak",
        "subdivision": null
      },
      {
        "name": "Cuttack",
        "subdivision": null
      },
      {
        "name": "Deogarh or Debagarh",
        "subdivision": null
      },
      {
        "name": "Dhenkanal",
        "subdivision": null
      },
      {
        "name": "Ganjam",
        "subdivision": null
      },
      {
        "name": "Gajapati",
        "subdivision": null
      },
      {
        "name": "Jharsuguda",
        "subdivision": null
      }, {
        "name": "Jajpur",
        "subdivision": null
      },
      {
        "name": "Jagatsinghapur",
        "subdivision": null
      },
      {
        "name": "Khordha",
        "subdivision": null
      },
      {
        "name": "Keonjhar",
        "subdivision": null
      },
      {
        "name": "Kalahandi",
        "subdivision": null
      },
      {
        "name": "Kandhamal",
        "subdivision": null
      },
      {
        "name": "Koraput",
        "subdivision": null
      },
      {
        "name": "Kendrapara",
        "subdivision": null
      },
      {
        "name": "Malkangiri",
        "subdivision": null
      },
      {
        "name": "Mayurbhanj",
        "subdivision": null
      },
      {
        "name": "Nabarangpur",
        "subdivision": null
      },
      {
        "name": "Nuapada",
        "subdivision": null
      },
      {
        "name": "Nayagarh",
        "subdivision": null
      },
      {
        "name": "Puri",
        "subdivision": null
      },
      {
        "name": "Rayagada",
        "subdivision": null
      },
      {
        "name": "Sambalpur",
        "subdivision": null
      },
      {
        "name": "Subarnapur",
        "subdivision": null
      },
      {
        "name": "Sundargarh",
        "subdivision": null
      }
    ]
  },
  {
    "name": "Punjab",
    "districts": [
      {
        "name": "district name",
        "subdivision": null
      },
      {
        "name": "district name",
        "subdivision": null
      }
    ]
  },
  {
    "name": "Rajasthan",
    "districts": [
      {
        "name": "Ajmer",
        "subdivision": null
      },
      {
        "name": "Alwar",
        "subdivision": null
      },
      {
        "name": "Banswara",
        "subdivision": null
      },
      {
        "name": "Baran",
        "subdivision": null
      },
      {
        "name": "Barmer",
        "subdivision": null
      },
      {
        "name": "Bharatpur",
        "subdivision": null
      },
      {
        "name": "Bhilwara",
        "subdivision": null
      },
      {
        "name": "Bikaner",
        "subdivision": null
      },
      {
        "name": "Bundi",
        "subdivision": null
      },
      {
        "name": "Chittorgarh",
        "subdivision": null
      },
      {
        "name": "Churu",
        "subdivision": null
      },
      {
        "name": "Dausa",
        "subdivision": null
      }, {
        "name": "Dholpur",
        "subdivision": null
      },
      {
        "name": "Dungarpur",
        "subdivision": null
      },
      {
        "name": "Hanumangarh",
        "subdivision": null
      },
      {
        "name": "Jaipur",
        "subdivision": null
      },
      {
        "name": "Jaisalmer",
        "subdivision": null
      },
      {
        "name": "Jalor",
        "subdivision": null
      },
      {
        "name": "Jhalawar",
        "subdivision": null
      },
      {
        "name": "Jhunjhunu",
        "subdivision": null
      },
      {
        "name": "Jodhpur",
        "subdivision": null
      },
      {
        "name": "Karauli",
        "subdivision": null
      },
      {
        "name": "Kota",
        "subdivision": null
      },
      {
        "name": "Nagaur",
        "subdivision": null
      },
      {
        "name": "Pali",
        "subdivision": null
      },
      {
        "name": "Pratapgarh",
        "subdivision": null
      },
      {
        "name": "Rajsamand",
        "subdivision": null
      },
      {
        "name": "Sawai Madhopur",
        "subdivision": null
      },
      {
        "name": "Sikar",
        "subdivision": null
      },
      {
        "name": "Sirohi",
        "subdivision": null
      },
      {
        "name": "Sri Ganganagar",
        "subdivision": null
      },
      {
        "name": "Tonk",
        "subdivision": null
      },
      {
        "name": "Udaipur",
        "subdivision": null
      }
    ]
  },
  {
    "name": "Sikkim",
    "districts": [
      {
        "name": "East Sikkim",
        "subdivision": null
      },
      {
        "name": "North Sikkim",
        "subdivision": null
      },
      {
        "name": "South Sikkim",
        "subdivision": null
      },
      {
        "name": "West Sikkim",
        "subdivision": null
      }
    ]
  },
  {
    "name": "Tamil Nadu",
    "districts": [
      {
        "name": "Ariyalur",
        "subdivision": null
      },
      {
        "name": "Chengalpattu",
        "subdivision": null
      },
      {
        "name": "Chennai",
        "subdivision": null
      },
      {
        "name": "Coimbatore",
        "subdivision": null
      },
      {
        "name": "Cuddalore",
        "subdivision": null
      },
      {
        "name": "Dharmapuri",
        "subdivision": null
      },
      {
        "name": "Dindigul",
        "subdivision": null
      },
      {
        "name": "Erode",
        "subdivision": null
      },
      {
        "name": "Kallakurichi",
        "subdivision": null
      },
      {
        "name": "Kanchipuram",
        "subdivision": null
      },
      {
        "name": "Kanyakumari",
        "subdivision": null
      },
      {
        "name": "Karur",
        "subdivision": null
      },
      {
        "name": "Krishnagiri",
        "subdivision": null
      },
      {
        "name": "Madurai",
        "subdivision": null
      },
      {
        "name": "Nagapattinam",
        "subdivision": null
      },
      {
        "name": "Namakkal",
        "subdivision": null
      },
      {
        "name": "Nilgiris",
        "subdivision": null
      },
      {
        "name": "Perambalur",
        "subdivision": null
      },
      {
        "name": "Pudukkottai",
        "subdivision": null
      },
      {
        "name": "Ramanathapuram",
        "subdivision": null
      },
      {
        "name": "Ranipet",
        "subdivision": null
      },
      {
        "name": "Salem",
        "subdivision": null
      },
      {
        "name": "Sivaganga",
        "subdivision": null
      },
      {
        "name": "Tenkasi",
        "subdivision": null
      },
      {
        "name": "Thanjavur",
        "subdivision": null
      },
      {
        "name": "Theni",
        "subdivision": null
      },
      {
        "name": "Thoothukudi (Tuticorin)",
        "subdivision": null
      },
      {
        "name": "Tiruchirappalli",
        "subdivision": null
      },
      {
        "name": "Tirunelveli",
        "subdivision": null
      },
      {
        "name": "Tirupathur",
        "subdivision": null
      },
      {
        "name": "Tiruppur",
        "subdivision": null
      },
      {
        "name": "Tiruvallur",
        "subdivision": null
      },
      {
        "name": "Tiruvannamalai",
        "subdivision": null
      },
      {
        "name": "Tiruvarur",
        "subdivision": null
      },
      {
        "name": "Vellore",
        "subdivision": null
      },
      {
        "name": "Viluppuram",
        "subdivision": null
      },
      {
        "name": "Virudhunagar",
        "subdivision": null
      }
    ]
  },
  {
    "name": "Telangana",
    "districts": [
      {
        "name": "Adilabad",
        "subdivision": null
      },
      {
        "name": "Bhadradri Kothagudem",
        "subdivision": null
      },
      {
        "name": "Hyderabad",
        "subdivision": null
      },
      {
        "name": "Jagitial",
        "subdivision": null
      },
      {
        "name": "Jangaon",
        "subdivision": null
      },
      {
        "name": "Jayashankar Bhupalpally",
        "subdivision": null
      },
      {
        "name": "Jogulamba Gadwal",
        "subdivision": null
      },
      {
        "name": "Kamareddy",
        "subdivision": null
      },
      {
        "name": "Karimnagar",
        "subdivision": null
      },
      {
        "name": "Khammam",
        "subdivision": null
      },
      {
        "name": "Komaram Bheem",
        "subdivision": null
      },
      {
        "name": "Mahabubabad",
        "subdivision": null
      },
      {
        "name": "Mahabubnagar",
        "subdivision": null
      },
      {
        "name": "Mancherial",
        "subdivision": null
      },
      {
        "name": "Medak",
        "subdivision": null
      },
      {
        "name": "Medchal–Malkajgiri",
        "subdivision": null
      },
      {
        "name": "Mulugu",
        "subdivision": null
      },
      {
        "name": "Nagarkurnool",
        "subdivision": null
      },
      {
        "name": "Narayanpet",
        "subdivision": null
      },
      {
        "name": "Nalgonda",
        "subdivision": null
      },
      {
        "name": "Nirmal",
        "subdivision": null
      },
      {
        "name": "Nizamabad",
        "subdivision": null
      },
      {
        "name": "Peddapalli",
        "subdivision": null
      },
      {
        "name": "Rajanna Sircilla",
        "subdivision": null
      },
      {
        "name": "Ranga Reddy",
        "subdivision": null
      },
      {
        "name": "Sangareddy",
        "subdivision": null
      },
      {
        "name": "Siddipet",
        "subdivision": null
      },
      {
        "name": "Suryapet",
        "subdivision": null
      },
      {
        "name": "Vikarabad",
        "subdivision": null
      },
      {
        "name": "Wanaparthy",
        "subdivision": null
      },
      {
        "name": "Warangal Rural",
        "subdivision": null
      },
      {
        "name": "Warangal Urban",
        "subdivision": null
      },
      {
        "name": "Yadadri Bhuvanagiri",
        "subdivision": null
      }
    ]
  },
  {
    "name": "Tripura",
    "districts": [
      {
        "name": "Dhalai",
        "subdivision": null
      },
      {
        "name": "Sipahijala",
        "subdivision": null
      },
      {
        "name": "Khowai",
        "subdivision": null
      },
      {
        "name": "Gomati",
        "subdivision": null
      },
      {
        "name": "Unakoti",
        "subdivision": null
      },
      {
        "name": "North Tripura",
        "subdivision": null
      },
      {
        "name": "South Tripura",
        "subdivision": null
      },
      {
        "name": "West Tripura",
        "subdivision": null
      }
    ]
  },
  {
    "name": "Uttar Pradesh",
    "districts": [
      {
        "name": "Agra",
        "subdivision": null
      },
      {
        "name": "Aligarh",
        "subdivision": null
      },
      {
        "name": "PrayagRaj",
        "subdivision": null
      },
      {
        "name": "Ambedkar Nagar",
        "subdivision": null
      },
      {
        "name": "Amroha",
        "subdivision": null
      },
      {
        "name": "Auraiya",
        "subdivision": null
      },
      {
        "name": "Azamgarh",
        "subdivision": null
      },
      {
        "name": "Badaun",
        "subdivision": null
      },
      {
        "name": "Bahraich",
        "subdivision": null
      },
      {
        "name": "Ballia",
        "subdivision": null
      },
      {
        "name": "Balrampur",
        "subdivision": null
      },
      {
        "name": "Banda District",
        "subdivision": null
      },
      {
        "name": "Barabanki",
        "subdivision": null
      },
      {
        "name": "Bareilly",
        "subdivision": null
      },
      {
        "name": "Basti",
        "subdivision": null
      },
      {
        "name": "Bijnor",
        "subdivision": null
      },
      {
        "name": "Bulandshahr",
        "subdivision": null
      },
      {
        "name": "Chandauli(Varanasi Dehat)",
        "subdivision": null
      },
      {
        "name": "Chitrakoot",
        "subdivision": null
      },
      {
        "name": "Deoria",
        "subdivision": null
      },
      {
        "name": "Etah",
        "subdivision": null
      },
      {
        "name": "Etawah",
        "subdivision": null
      },
      {
        "name": "Faizabad",
        "subdivision": null
      },
      {
        "name": "Farrukhabad",
        "subdivision": null
      },
      {
        "name": "Fatehpur",
        "subdivision": null
      },
      {
        "name": "Firozabad",
        "subdivision": null
      },
      {
        "name": "Gautam Buddha Nagar",
        "subdivision": null
      },
      {
        "name": "Ghaziabad",
        "subdivision": null
      },
      {
        "name": "Ghazipur",
        "subdivision": null
      },
      {
        "name": "Gonda",
        "subdivision": null
      },
      {
        "name": "Gorakhpur",
        "subdivision": null
      },
      {
        "name": "Hamirpur",
        "subdivision": null
      },
      {
        "name": "Hapur District",
        "subdivision": null
      },
      {
        "name": "Hardoi",
        "subdivision": null
      },
      {
        "name": "Hathras",
        "subdivision": null
      },
      {
        "name": "Jaunpur District",
        "subdivision": null
      },
      {
        "name": "Jhansi",
        "subdivision": null
      },
      {
        "name": "Kannauj",
        "subdivision": null
      },
      {

        "name": "Kanpur Dehat",
        "subdivision": null
      },
      {
        "name": "Kanpur Nagar",
        "subdivision": null
      },
      {
        "name": "Kasganj",
        "subdivision": null
      },
      {
        "name": "Kaushambi",
        "subdivision": null
      },
      {
        "name": "Kushinagar",
        "subdivision": null
      },
      {
        "name": "Lakhimpur Kheri",
        "subdivision": null
      },
      {
        "name": "Lalitpur",
        "subdivision": null
      },{
        "name": "Lucknow",
        "subdivision": null
      },
      {
        "name": "Maharajganj",
        "subdivision": null
      },
      {
        "name": "Mahoba",
        "subdivision": null
      },
      {
        "name": "Mainpuri",
        "subdivision": null
      },
      {
        "name": "Mathura",
        "subdivision": null
      },
      {
        "name": "Mau",
        "subdivision": null
      },{
        "name": "Meerut",
        "subdivision": null
      },{
        "name": "Mirzapur",
        "subdivision": null
      },
      {
        "name": "Moradabad",
        "subdivision": null
      },
      {
        "name": "Muzaffarnagar",
        "subdivision": null
      },
      {
        "name": "Pilibhit",
        "subdivision": null
      },
      {
        "name": "Pratapgarh",
        "subdivision": null
      },
      {
        "name": "Rae Bareli",
        "subdivision": null
      },

      {
        "name": "Rampur",
        "subdivision": null
      },

      {
        "name": "Saharanpur",
        "subdivision": null
      },

      {
        "name": "Sant Kabir Nagar",
        "subdivision": null
      },

      {
        "name": "Sant Ravidas Nagar",
        "subdivision": null
      },

      {
        "name": "Sambhal",
        "subdivision": null
      },

      {
        "name": "Shahjahanpur",
        "subdivision": null
      },

      {
        "name": "Shamli",
        "subdivision": null
      },

      {
        "name": "Shravasti",
        "subdivision": null
      },

      {
        "name": "Siddharthnagar",
        "subdivision": null
      },

      {
        "name": "Sitapur",
        "subdivision": null
      },

      {
        "name": "Sonbhadra",
        "subdivision": null
      },

      {
        "name": "Sultanpur",
        "subdivision": null
      },

      {
        "name": "Unnao",
        "subdivision": null
      },

      {
        "name": "Varanasi (Kashi)",
        "subdivision": null
      },

      {
        "name": "Allahabad",
        "subdivision": null
      },
      {
        "name": "Amethi",
        "subdivision": null
      },

      {
        "name": "Bagpat",
        "subdivision": null
      }
    ]
  },
  {
    "name": "Uttarakhand",
    "districts": [
      {
        "name": "Almora",
        "subdivision": null
      },
      {
        "name": "Bageshwar",
        "subdivision": null
      },
      {
        "name": "Chamoli",
        "subdivision": null
      },
      {
        "name": "Champawat",
        "subdivision": null
      },
      {
        "name": "Dehradun",
        "subdivision": null
      },
      {
        "name": "Haridwar",
        "subdivision": null
      },
      {
        "name": "Nainital",
        "subdivision": null
      },
      {
        "name": "Pauri ",
        "subdivision": null
      },
      {
        "name": "Garhwal",
        "subdivision": null
      },
      {
        "name": "Pithoragarh",
        "subdivision": null
      },
      {
        "name": "Rudraprayag",
        "subdivision": null
      },
      {
        "name": "Tehri Garhwal",
        "subdivision": null
      },
      {
        "name": "Udham Singh Nagar",
        "subdivision": null
      },
      {
        "name": "Uttarkashi",
        "subdivision": null
      }
    ]
  },
  {
    "name": "West Bengal",
    "districts": [
      {
        "name": "Alipurduar",
        "subdivision": null
      },
      {
        "name": "Bankura",
        "subdivision": null
      },
      {
        "name": "Birbhum",
        "subdivision": null
      },
      {
        "name": "Cooch ",
        "subdivision": null
      },
      {
        "name": "Behar",
        "subdivision": null
      },
      {
        "name": "Dakshin Dinajpur (South Dinajpur)",
        "subdivision": null
      },
      {
        "name": " Darjeeling",
        "subdivision": null
      },
      {
        "name": "Hooghly",
        "subdivision": null
      },
      {
        "name": "Howrah",
        "subdivision": null
      },
      {
        "name": "Jalpaiguri",
        "subdivision": null
      },
      {
        "name": "Jhargram",
        "subdivision": null
      },
      {
        "name": "Kalimpong",
        "subdivision": null
      },
      {
        "name": "Kolkata",
        "subdivision": null
      },
      {
        "name": "Malda",
        "subdivision": null
      },
      {
        "name": "Murshidabad",
        "subdivision": null
      },
      {
        "name": "Nadia",
        "subdivision": null
      },
      {
        "name": "North 24 Parganas",
        "subdivision": null
      },
      {
        "name": "Paschim Medinipur (West Medinipur)",
        "subdivision": null
      },
      {
        "name": "Paschim (West) Burdwan (Bardhaman)",
        "subdivision": null
      },
      {
        "name": "Purba Burdwan (Bardhaman)",
        "subdivision": null
      },
      {
        "name": "Purba Medinipur (East Medinipur)",
        "subdivision": null
      },
      {
        "name": "Purulia",
        "subdivision": null
      },
      {
        "name": "South 24 Parganas",
        "subdivision": null
      },
      {
        "name": "Uttar Dinajpur (North Dinajpur)",
        "subdivision": null
      }
    ]
  }

  ]




